Symbol,LastSale,MarketCap
TXG,91.87,$9.04B
YI,6.72,$553.46M
PIH,4.58,$27.79M
TURN,1.676,$52.16M
FLWS,26.94,$1.73B
BCOW,9.01,$44.7M
ONEM,38.84,$4.9B
FCCY,11.77,$120.07M
SRCE,34.22,$873.83M
VNET,24.11,$2.72B
TWOU,41.57,$2.66B
QFIN,15.11,$2.22B
KRKR,3.45,$129.36M
JOBS,69.8,$4.67B
ETNB,32.5,$547.7M
JFK,10.23,$75.98M
EGHT,16.06,$1.67B
NMTR,0.545,$52.46M
JFU,2.2,$429.42M
AAON,58.1,$3.02B
ABEO,2.98,$249.42M
ABMD,284.55,$12.82B
AXAS,0.2101,$35.31M
ACIU,8.28,$595M
ACIA,67.65,$2.83B
ACTG,4.005,$195.07M
ACHC,27.52,$2.45B
ACAD,54.97,$8.57B
ACAM,10.4,$397.25M
ACST,0.708,$65.48M
AXDX,17.005,$939.88M
XLRN,99.43,$5.91B
ACCD,33.62,$1.64B
ARAY,2.19,$198.12M
ACRX,1.26,$101.76M
ACER,3.36,$34.44M
ACHV,0.428,$16.06M
ACIW,27.09,$3.14B
ACRS,2.21,$92.52M
ACMR,79.01,$1.44B
ACNB,23.5,$203.74M
ACOR,0.7359,$35.31M
ATVI,78.64,$60.59B
ADMS,2.67,$75.18M
ADMP,0.77,$56.92M
AHCO,18.98,$1.87B
ADAP,8.6,$1.32B
ADPT,39.89,$5.12B
ADUS,88,$1.37B
AEY,2.58,$27.02M
ADIL,1.42,$19.1M
ADTX,3.54,$18.31M
ADMA,3.18,$274.58M
ADBE,432.42,$207.42B
ADTN,11.5,$551.51M
ADRO,2.85,$230.52M
ADES,4.66,$86.18M
AEIS,70.42,$2.69B
AMD,55.04,$64.46B
ADXS,0.5613,$34.58M
ADVM,18.29,$1.47B
AEGN,16.035,$492.01M
AGLE,7.94,$354.12M
AEHR,2.09,$48.1M
AMTX,0.8402,$17.38M
AERI,13.71,$637.08M
AVAV,78,$1.88B
ARPO,1.37,$55.61M
AIH,5.58,$131.76M
AEZS,0.448,$18.43M
AEMD,2.09,$25.19M
AFMD,4.415,$336.64M
AFYA,22.99,$2.14B
AGBA,10.4999,$62.74M
AGEN,3.6,$611.2M
AGRX,2.54,$221.52M
AGYS,17.5,$409.51M
AGIO,53.605,$3.69B
AGMH,15.5,$447.81M
AGNC,13.37,$7.48B
API,49.37,$4.9B
AGFS,2.33,$121.29M
AIKI,1.03,$35.97M
ALRN,1.05,$41.21M
AIMT,15.95,$1.04B
AIRT,11.5,$33.14M
ATSG,24.78,$1.48B
AIRG,11.01,$106.76M
ANTE,0.902,$11.33M
AKAM,112.65,$18.28B
AKTX,2.02,$67.59M
AKCA,12.87,$1.31B
AKBA,12.36,$1.77B
KERN,6.95,$92.15M
AKRO,37.18,$1.29B
AKER,4.4,$26.94M
AKUS,21.12,$686.01M
AKTS,7.97,$290.66M
ALRM,70.89,$3.46B
ALSK,2.53,$135.51M
ALAC,10.8,$158.65M
ALBO,25.94,$388.57M
ALDX,6.68,$229.6M
ALEC,23.51,$1.86B
ALRS,19.48,$333.22M
ALXN,109.24,$24.12B
ALCO,30.93,$231.55M
ALGN,322.3,$25.39B
ALIM,5.83,$29.34M
ALYA,1.59,$92.35M
ALJJ,0.69,$29.1M
ALKS,19.46,$3.09B
ALLK,81.34,$3.97B
ABTX,23.04,$470.08M
ALGT,113.34,$1.84B
ALNA,2.16,$69.55M
ARLP,3.14,$399.39M
LNT,50.77,$12.67B
AESE,2.08,$59M
AHPI,10.94,$43.91M
AMOT,36.19,$352.29M
ALLO,42.5,$5.9B
ALLT,11.03,$382.75M
MDRX,7.21,$1.17B
ALNY,158.36,$18.18B
AOSL,10.69,$268.08M
GOOG,1515.55,$1034.55B
GOOGL,1516.85,$1035.43B
ATEC,5.12,$327.93M
ALPN,10.38,$192.94M
ALTA,21.18,$397.93M
ALTR,38.05,$2.77B
ATHE,1.51,$27.31M
ALT,28.66,$799.12M
ASPS,12.45,$193.85M
AIMC,33.46,$2.16B
ALTM,12.57,$204.22M
ALXO,30,$1.04B
AMAG,8.4,$287.89M
AMAL,11.24,$348.44M
AMRN,6.7,$2.58B
AMRK,21.74,$152.86M
AMZN,2961.97,$1477.36B
AMBC,13.62,$623.51M
AMBA,47.37,$1.63B
AMCX,24.92,$1.3B
AMCI,10.33,$284.75M
DOX,59.57,$7.95B
AMED,214.97,$6.96B
AMTB,13.45,$567.13M
AMTBB,10.29,$433.89M
UHAL,314.6,$6.17B
AMRH,1.84,$8.34M
ATAX,3.68,$222.81M
AMOV,12.51,$54.13B
AAL,11.91,$6.05B
AFIN,7.27,$789M
AMNB,23.65,$259.15M
ANAT,72.57,$1.95B
APEI,31.22,$461.47M
AREC,1.5001,$39.06M
AMRB,10.5,$62.14M
AMSWA,15.78,$511.94M
AMSC,9.21,$212.59M
AVCT,3.48,$68.33M
AMWD,73.82,$1.25B
CRMT,90.99,$603.52M
ABCB,21.54,$1.5B
AMSF,62.5,$1.21B
ASRV,2.87,$48.92M
ATLO,18.25,$166.49M
AMGN,258.46,$152.04B
FOLD,15.21,$3.92B
AMKR,12.16,$2.93B
AMPH,21.25,$981.71M
AMHC,10.18,$127.25M
AMYT,11,$348.7M
ASYS,4.99,$70.1M
AMRS,4.14,$847.12M
ADI,116.75,$43.01B
ANAB,21.94,$598.46M
AVXL,4.43,$266.16M
ANCN,0.9481,$7.03M
ANDA,10.25,$142.42M
ANGI,15.04,$7.43B
ANGO,9.455,$356.4M
ANIP,30.03,$370.17M
ANIK,36.81,$522.79M
ANIX,3.1,$72.92M
ANPC,5.75,$64.41M
ANSS,301.13,$25.78B
ATRS,2.76,$456.95M
ATEX,43.59,$750.04M
APA,13.29,$5.02B
APLS,32.54,$2.46B
APEX,0.6343,$3.53M
APXT,10.72,$477.68M
APHA,5.1,$1.36B
APOG,22.74,$599.35M
APEN,1.41,$29.89M
AINV,9.55,$623.23M
AMEH,16.86,$600.24M
APPF,148.43,$5.08B
APPN,46.79,$3.17B
AAPL,385.31,$1670.06B
APDN,10.73,$50.19M
AGTC,5.96,$153.56M
AMAT,62.3,$57.1B
AMTI,20.99,$714.72M
AAOI,11.24,$228.62M
APLT,28.36,$627.52M
APRE,28.67,$603.64M
APVO,7.84,$25.35M
APTX,4.62,$210.93M
APM,3.7,$112.43M
APTO,5.25,$400.44M
APYX,5.47,$186.99M
AQMS,1.13,$68.11M
AQB,4.12,$132.19M
AQST,4.72,$158.51M
ARAV,10.58,$169.24M
ABUS,2.4,$165.51M
ABIO,7.06,$24.03M
RKDA,3.78,$40.4M
ARCB,30.97,$782.38M
ACGL,30.69,$12.45B
FUV,5.75,$174.23M
ARCE,45.49,$2.5B
ARCT,55.92,$1.15B
ARQT,29,$1.11B
ARDX,6.81,$606.48M
ARNA,68.51,$3.88B
ARCC,14.16,$5.98B
ARGX,261.2,$12.28B
ARDS,6.86,$61.21M
ARKR,9.845,$34.48M
AROW,28.39,$425.39M
ARWR,49.02,$4.99B
ARTL,1.2475,$5.61M
ARTNA,36.58,$340.58M
ARTW,2.2,$9.74M
ARVN,36.34,$1.42B
ASNA,0.8115,$8.1M
ASND,143.52,$7.63B
APWC,1.26,$17.41M
ASLN,2.04,$77.5M
ASML,383.59,$163.28B
ASPU,9.5,$211.29M
AZPN,95.05,$6.43B
AWH,3.62,$375.3M
ASMB,24.48,$801.04M
ASRT,0.8901,$93.82M
ASFI,12.96,$85.12M
ASTE,46.69,$1.05B
ATRO,9.32,$286.64M
ALOT,7.44,$53.29M
ASTC,3.25,$24.62M
ASUR,6.62,$104.23M
AACG,1.71,$54.27M
ATRA,13.67,$1.01B
ATNX,12.43,$1.01B
ATHX,3.08,$606.1M
ATIF,1.88,$88.39M
AAME,1.74,$35.56M
ACBI,10.92,$234.35M
AUB,22.015,$1.73B
AY,29.32,$2.98B
ATLC,9.94,$157.71M
AAWW,49.9,$1.3B
AFH,0.5847,$6.98M
ATCX,8,$46.14M
TEAM,172.86,$42.42B
ATNI,59.42,$949.59M
ATOM,9.7,$192.15M
ATOS,4.24,$39.04M
BCEL,14.96,$421.92M
ATRC,46.37,$1.86B
ATRI,667.33,$1.23B
LIFE,5.09,$47.64M
AUBN,45.77,$163.22M
AUDC,37.71,$1.13B
AEYE,15.38,$136.81M
AUPH,14.77,$1.66B
EARS,0.9632,$4.58M
JG,1.74,$201.36M
ADSK,237.7,$52.1B
AUTL,16.11,$841.69M
ADP,147.6,$63.43B
AUTO,1.89,$24.85M
AVDL,8.35,$485.38M
AVCO,1.66,$131.75M
ATXI,10.24,$170.83M
AVEO,4.58,$118.19M
AVNW,20.19,$108.89M
CDMO,7.505,$424.12M
AVID,7.54,$329.48M
RNA,25.89,$915.23M
AVGR,0.362,$18.58M
CAR,29.75,$2.07B
RCEL,22.5,$2.4B
AVT,25.91,$2.56B
AVRO,18.4,$663.05M
AWRE,3.48,$74.9M
ACLS,28.14,$925.11M
AXLA,5.11,$183.14M
AXGN,12,$477.14M
AAXN,90.72,$5.43B
AXNX,40,$1.56B
AXGT,3.38,$136.34M
AXSM,81.65,$3.03B
AXTI,4.83,$197.29M
AYLA,12.5,$159.74M
AYRO,4.4,$86.41M
AYTU,1.38,$166.45M
AZRX,0.928,$26.17M
BCOM,2.23,$259.39M
RILY,22.39,$578.27M
BOSC,2.81,$11.96M
BIDU,122.77,$42.31B
BCPC,99.71,$3.22B
BLDP,19.515,$4.76B
BANF,39.57,$1.29B
BCTF,11.305,$36.27M
BAND,126.48,$2.99B
BFC,63.58,$491.63M
BOCH,7.51,$125.71M
BMRC,31.91,$433.04M
BKSC,16.3,$90.15M
BOTJ,9.25,$40.14M
OZK,23.41,$3.03B
BSVN,9.85,$90.88M
BFIN,7.52,$113.12M
BWFG,15.83,$124.6M
BANR,35.41,$1.24B
BZUN,39.13,$2.47B
DFVL,100.6681,$7.17M
DFVS,13.46,$1.83M
DTUL,74.775,$6.2M
DTUS,21.835,$2.81M
DTYL,98.145,$6.26M
FLAT,70.97,$4.86M
STPP,25.02,$3.68M
TAPR,69.345,$42.06M
BBSI,54.26,$408.96M
GOLD,27.34,$48.61B
BSET,8.43,$84.26M
BXRX,3.45,$60.62M
BCML,12.37,$151.28M
BBQ,3.15,$29.24M
BCBP,8.8,$151.93M
BECN,28.555,$1.98B
BEAM,23.66,$1.22B
BBGI,2.09,$61.23M
BBBY,9.22,$1.17B
BGNE,248.67,$19.46B
BELFA,10.5995,$130.01M
BELFB,10.67,$130.87M
BLPH,13.44,$127.65M
BLCM,7.55,$38.13M
BLU,2.69,$162.07M
BNFT,11.04,$354.46M
BFYT,31,$441.91M
BNTC,7.8,$3.76B
BLI,65.45,$3.99B
BRY,4.54,$362.1M
BWMX,8.0001,$275.61M
XAIR,5.95,$100.21M
BYND,128.27,$7.98B
BYSI,13.71,$412.79M
BGCP,2.825,$1.01B
BCYC,17.2,$311.11M
BGFV,3.14,$68.55M
BRPA,10.7,$29.06M
BILI,41.9,$14.47B
BASI,5.01,$54.43M
BCDA,2.38,$29.33M
BIOC,0.6828,$89.52M
BCRX,5.035,$888.18M
BDSI,4.47,$447.74M
BFRA,6.01,$134.77M
BIIB,281.88,$46B
BHTG,2,$34.87M
BKYI,1.02,$22.62M
BIOL,0.47,$23.66M
BLFS,19.55,$624.3M
BLRX,1.82,$35.97M
BMRN,128.21,$23.19B
BMRA,10.96,$123.9M
BNGO,0.6178,$51.84M
BVXV,45.22,$520.96M
BNTX,85.25,$19.33B
BPTH,5.49,$20.27M
BSGM,8.29,$234.96M
BSTC,67.15,$493.21M
TECH,279.76,$10.69B
BEAT,41.67,$1.42B
BTAI,52.99,$1.07B
BJRI,18.54,$412.72M
BDTX,29.35,$1.05B
BLKB,54.3,$2.69B
BL,85.11,$4.8B
BKCC,2.52,$171.71M
TCPC,9.21,$532.03M
BLNK,6.46,$199.95M
BLMN,10.455,$914.67M
BCOR,11.69,$559.36M
BLBD,13.4,$362.17M
BHAT,1.5,$52.71M
BLUE,66.24,$3.69B
BLCT,17.8,$634.59M
BKEP,1.44,$59.09M
BPMC,77.67,$4.21B
BMCH,26.01,$1.74B
BSBK,8.37,$110.13M
WIFI,14.09,$624.55M
BOKF,51.88,$3.65B
BNSO,2.89,$13.38M
BKNG,1732.19,$70.9B
BIMI,2.05,$21.29M
BRQS,0.85,$34.11M
BOMN,15.73,$428.35M
BPFH,5.82,$476.08M
EPAY,48.99,$2.15B
BOXL,3.67,$116.92M
BCLI,14.58,$429.25M
BWAY,5.77,$64.19M
BBI,0.9038,$8.74M
BDGE,18.39,$362.91M
BBIO,31.53,$3.83B
BLIN,1.86,$8.1M
BWB,9.5,$273.89M
BRID,17,$154.31M
BCOV,7.91,$308.31M
BHF,29.19,$2.74B
AVGO,312.71,$125.77B
BYFC,2.07,$58.04M
BWEN,4.91,$81.7M
BROG,9.9859,$1.09B
BPY,11.18,$10.39B
BPYU,11.25,$628.88M
BRKL,9.5,$749.73M
BRKS,45.11,$3.33B
BRP,16.66,$1.31B
DOOO,41.52,$3.62B
BRKR,43.04,$6.64B
BMTC,26.275,$523.56M
BSQR,1.48,$19.39M
BLDR,22.05,$2.57B
BNR,28.43,$2.89B
BFST,14.09,$291.2M
CFFI,29.1,$106.15M
CHRW,86.28,$11.61B
CABA,13.24,$318.21M
CCMP,141.53,$4.11B
CDNS,100.23,$27.98B
CDZI,10.47,$364.32M
CZR,12.42,$8.5B
CSTE,11.63,$400.08M
CLBS,2.58,$40.12M
CHY,11.53,$844.58M
CHI,10.9,$773.07M
CCD,21.88,$535.74M
CHW,7.57,$449.25M
CGO,12.15,$107.12M
CSQ,13.09,$2.03B
CAMP,7.59,$260.83M
CVGW,61.01,$1.08B
CALB,13.07,$106.3M
CALA,5.345,$376.52M
CALT,23.76,$569.51M
CALM,44.22,$2.16B
CLMT,2.68,$208.92M
CLXT,4.48,$148.02M
CMBM,11.25,$288.95M
CATC,54.48,$378.09M
CAC,33.81,$505.62M
CAMT,13.5,$522.75M
CAN,1.92,$300.82M
CSIQ,23.43,$1.38B
CGIX,3.22,$7.28M
CPHC,10.28,$48.26M
CBNK,10.7,$147.9M
CCBG,18.98,$319.09M
CPLP,8.21,$149.24M
CSWC,13.71,$246.75M
CPTA,2.53,$41.15M
CFFN,10.255,$1.45B
CAPR,5.32,$75.88M
CSTR,11.12,$243.99M
CPST,3.41,$37.46M
CARA,17.76,$831.1M
CRDF,4.53,$90.46M
CSII,30.59,$1.21B
CDLX,77.49,$2.09B
CATM,23.12,$1.03B
CDNA,35.18,$1.72B
CTRE,17.1,$1.64B
CARG,24.38,$2.75B
TAST,5,$263.62M
CARE,7.21,$190.23M
CARV,6.23,$23.05M
CASA,4.55,$377.83M
CWST,54.35,$2.63B
CASY,161.89,$5.97B
CASI,2.27,$229.08M
CASS,38.66,$557.54M
SAVA,3.3,$81.77M
CSTL,42.99,$845.19M
CTRM,0.2485,$17.51M
CATB,6.57,$117.58M
CBIO,5.96,$131.42M
CPRX,5.01,$518.11M
CATY,24.58,$1.96B
CVCO,189.14,$1.74B
CBFV,18.47,$99.62M
CBAT,0.91,$58.76M
CBMB,11.81,$45.39M
CBOE,92.66,$10.36B
CBTX,17.43,$434.86M
CDK,43.07,$5.23B
CDW,118.51,$16.87B
CECE,6.83,$241.74M
CELC,5.655,$58.1M
CLDX,12.01,$466.32M
APOP,3.2,$10.8M
CLRB,1.47,$35.28M
CLLS,17.07,$724.89M
CBMG,16.14,$312.98M
CLSN,1.11,$36.87M
CELH,14.36,$996.44M
CYAD,10.53,$146.81M
CETX,1.67,$26.83M
CDEV,0.83,$229.98M
CNTG,12.01,$238.53M
CETV,3.86,$981.59M
CFBK,10.1012,$66.44M
CENT,37.13,$2.03B
CENTA,34.16,$1.87B
CVCY,14.13,$176.28M
CENX,7.73,$691.53M
CNBKA,76.5,$425.95M
CNTY,3.72,$110.02M
CRNT,2.42,$196.35M
CERC,2.75,$209.12M
CRNC,37.63,$1.37B
CERN,71.26,$21.69B
CERS,6.77,$1.11B
CEVA,38.34,$843.65M
CFFA,11.09,$398.39M
CSBR,9.25,$111.45M
CHNG,10.81,$3.28B
CTHR,0.7025,$20.36M
GTLS,53.5,$1.92B
CHTR,564.66,$116.58B
CHKP,120.85,$16.94B
CHEK,0.68,$20.52M
CKPT,2.235,$123.06M
CEMI,5,$100.84M
CCXI,54.9,$3.72B
CHMG,24.83,$119.86M
CHFS,0.5872,$23.14M
CHMA,4.875,$206.04M
CSSE,9.36,$112.39M
PLCE,32.205,$469.73M
CMRX,3.72,$230.38M
CAAS,2.98,$96.37M
CBPO,107.43,$4.13B
CCCL,0.79,$7.22M
CCRC,4.82,$88.35M
JRJC,13.75,$33.58M
HGSH,0.7751,$34.92M
CIH,2.13,$191.15M
CJJD,1.35,$51.25M
CLEU,4.49,$28.44M
CHNR,1.18,$29.39M
CREG,2.74,$6.83M
SXTC,0.4336,$12.02M
CXDC,1.16,$77.66M
PLIN,1.34,$32.02M
CNET,1.28,$27.77M
IMOS,21,$763.6M
COFS,28.29,$220.03M
CHPM,10.51,$394.13M
CDXC,5.19,$319.07M
CHDN,135.97,$5.36B
CHUY,14.04,$276.39M
CDTX,3.83,$157.47M
CIIC,10.25,$331.52M
CMCT,11.51,$170.66M
CMPR,83.46,$2.16B
CNNB,9.1972,$27.37M
CINF,76.66,$12.33B
CIDM,1.84,$190.06M
CTAS,280.06,$29.14B
CRUS,66.745,$3.9B
CSCO,46.75,$197.39B
CTRN,16.91,$179.53M
CTXR,1.475,$66.65M
CZNC,18.53,$298.41M
CZWI,6.7722,$75.51M
CIZN,21.38,$119.52M
CTXS,155.83,$19.24B
CHCO,63.3,$1.02B
CIVB,14.29,$229.19M
CLAR,11.36,$338.86M
CLNE,2.48,$498.3M
CLSK,4.18,$41.23M
CLFD,13.77,$187.65M
CLRO,2.88,$47.95M
CLPT,4.82,$74.75M
CLSD,1.89,$102.65M
CLIR,2.25,$60.1M
CBLI,2.71,$35.01M
CLVS,6.54,$575.46M
CLPS,2.65,$42.18M
CME,166.62,$59.75B
CCNE,16.43,$252.52M
CNSP,2.05,$33.72M
CCB,14.76,$176.03M
COKE,230.38,$2.16B
COCP,1.945,$101.41M
CODA,5.53,$59.46M
CCNC,1.6,$45.62M
CDXS,12.75,$752.49M
CODX,18.45,$506.58M
CVLY,12.13,$118.43M
JVA,2.81,$15.65M
CCOI,82.21,$3.88B
CGNX,63.53,$10.91B
CTSH,61.43,$33.21B
CWBR,1.7,$73.39M
COHR,130.98,$3.18B
CHRS,18.47,$1.31B
COHU,16.75,$698.53M
CLCT,37.25,$345.32M
COLL,17.29,$593.67M
CIGI,55.58,$2.22B
CLGN,9.11,$58.91M
CBAN,10.3,$97.84M
HHT,1.74,$44.59M
COLB,28.63,$2.05B
CLBK,13.085,$1.51B
COLM,77.78,$5.14B
CMCO,34.02,$810.48M
CMCSA,42.18,$192.52B
CBSH,56.46,$6.3B
CVGI,2.34,$74.8M
COMM,8.9,$1.74B
JCS,5.25,$49.1M
ESXB,4.93,$110.02M
CFBI,7.1,$53.75M
CTBI,31.99,$569.25M
CWBC,7.7,$65.24M
CVLT,38.42,$1.78B
CGEN,16.01,$1.27B
CPSI,24.83,$360.34M
CTG,4.13,$62.23M
SCOR,3.27,$231.73M
CHCI,3.11,$25.07M
CMTL,15.96,$394.72M
CNCE,10.35,$306.91M
BBCP,3.77,$219.5M
CDOR,3.83,$45.98M
CNDT,2.11,$441.13M
CFMS,0.834,$59.62M
CNFR,2.4347,$23.37M
CNMD,79.27,$2.26B
CNOB,13.93,$553.09M
CONN,9.95,$288.76M
CNSL,6.46,$471.85M
CWCO,12.89,$194.83M
CNST,29.1,$1.38B
ROAD,16.94,$877.18M
CPSS,3.09,$70.23M
CFRX,6.13,$170.44M
CPAA,11.35,$638.44M
CPRT,87.24,$20.48B
CRBP,6.91,$500.91M
CORT,16.48,$1.89B
CORE,25.54,$1.15B
CSOD,36.315,$2.32B
CRTX,44.36,$1.3B
CLDB,14,$59.19M
CRVL,77.75,$1.4B
CRVS,4.09,$114.33M
CSGP,706.22,$27.8B
COST,324.79,$143.4B
CPAH,5.55,$35.46M
ICBK,19.6,$125.01M
COUP,303.64,$20.37B
CVLG,17.45,$298.18M
CVET,21.33,$2.39B
COWN,17.4,$481.77M
CPSH,2.54,$33.55M
CRAI,40.86,$318.54M
CBRL,106.19,$2.52B
BREW,14.845,$290.15M
CREX,2.22,$21.88M
CACC,433.26,$7.65B
CREE,66.23,$7.16B
CRSA,10.28,$321.25M
CCAP,11.95,$336.6M
CRESY,3.65,$183.1M
CRNX,14.5,$476.26M
CRSP,92.35,$6.34B
CRTO,12.7,$783.9M
CROX,34.76,$2.34B
CRON,6.75,$2.35B
CCRN,6.17,$231.13M
CFB,9.35,$487.26M
CRWD,101.43,$21.91B
CRWS,4.67,$47.57M
CYRX,34,$1.3B
CSGS,41.79,$1.38B
CCLP,0.7541,$35.7M
CSPI,7.57,$32.2M
CSWI,70.55,$1.04B
CSX,72.16,$55.24B
CTIC,1.49,$109.79M
CUE,22.19,$631.3M
CPIX,3.29,$50.11M
CMLS,4,$81.15M
CRIS,1.24,$45.36M
CUTR,12.72,$222.13M
CVBF,17.74,$2.4B
CVV,3.37,$22.35M
CYAN,2.28,$13.74M
CYBR,109.08,$4.22B
CYBE,36.34,$260.82M
CYCC,4.48,$21.77M
CYCN,4.83,$134.06M
CBAY,3.63,$250.04M
CYRN,1.26,$75.85M
CONE,74.73,$8.61B
CYTK,23.98,$1.43B
CTMX,8.625,$396.09M
CTSO,11.32,$410.14M
DADA,26.93,$5.98B
DJCO,278.25,$384.19M
DAKT,4.36,$194.32M
DARE,1.27,$33.84M
DRIO,6.12,$23.21M
DZSI,9.34,$200.93M
DSKE,3.79,$244.89M
DAIO,3.67,$30.17M
DDOG,87.3,$26.14B
DTSS,1.8248,$38.22M
PLAY,13.27,$629.7M
DTEA,0.9411,$24.57M
DWSN,1.685,$39.3M
DBVT,4.43,$486.16M
DCPH,51.88,$2.9B
TACO,6.705,$248.63M
DCTH,10.78,$37.9M
DBCP,6.33,$112.73M
DMPI,0.88,$10.08M
DNLI,26.48,$2.8B
DENN,8.715,$485.5M
XRAY,44.77,$9.81B
DMTK,11.21,$202.97M
DXLG,0.4749,$24.26M
DSWL,2.5,$39.79M
DXCM,424.43,$40.02B
DFPH,10.8,$310.5M
DMAC,6.8,$96.15M
DHIL,122.08,$394.95M
FANG,39.02,$6.16B
DPHC,10.45,$365.75M
DRNA,22.76,$1.68B
DFFN,1.2,$71.56M
DGII,11.37,$329.22M
DMRC,14.53,$183.69M
DRAD,2.92,$13.69M
DGLY,3.39,$90.11M
APPS,12.775,$1.12B
DCOM,11.83,$391.42M
DIOD,51.75,$2.66B
DRTT,1.12,$94.84M
DISCA,21.42,$10.85B
DISCB,38.56,$19.54B
DISCK,19.17,$9.71B
DISH,32.74,$17.16B
DHC,3.84,$913.74M
DLHC,7.53,$93.03M
BOOM,26.55,$391.65M
DOCU,196.41,$36.04B
DOGZ,1.31,$33.95M
DLTR,95.46,$22.65B
DLPN,1.02,$32.32M
DOMO,33.5,$965.3M
DGICA,13.71,$398M
DGICB,11.21,$325.43M
DMLP,11.36,$393.96M
DORM,70.02,$2.27B
DOYU,12.02,$3.82B
DKNG,35.36,$12.51B
LYL,1.22,$13.93M
DBX,20.83,$8.61B
DSPG,15.71,$364.59M
DLTH,7.37,$241.79M
DNKN,67.87,$5.57B
DUOT,4.46,$15.72M
DRRX,2.19,$429.29M
DXPE,18.53,$328.39M
DYAI,8.97,$246.4M
DYNT,0.9025,$12.46M
DVAX,11.37,$1.24B
ETFC,54.14,$11.97B
SSP,10.835,$881.86M
EBMT,15.11,$103.03M
EGBN,30.87,$994.78M
EGLE,2.12,$162.71M
EGRX,51.27,$701.64M
ESSC,9.93,$175.8M
EWBC,34.3,$4.85B
EML,16.18,$100.81M
EAST,1.18,$11.82M
EBON,4.86,$636.83M
EBAY,58.13,$40.85B
EBIX,22.08,$673.6M
ECHO,24.23,$644.88M
SATS,26.37,$2.58B
MOHO,2.1,$72.83M
EDAP,3.36,$97.92M
EDSA,5.25,$46.51M
EDNT,4.02,$37.03M
EDIT,32.23,$2B
EDUC,13.72,$114.63M
EGAN,9.93,$304.74M
EH,10.45,$571.91M
EHTH,106.87,$2.74B
EIDX,48.59,$1.87B
EIGR,9.36,$234.53M
EKSO,7.81,$61M
LOCO,15.59,$547.26M
ESLT,132.73,$5.87B
ERI,38,$3.75B
SOLO,3.36,$215.45M
ECOR,1.65,$62.91M
EA,138.31,$39.93B
ELSE,3.53,$11.99M
ESBK,10.75,$37.76M
ELOX,2.97,$119.18M
ELTK,4.35,$19.05M
EMCF,20.4501,$55.39M
EMKR,3.1,$91.05M
ENTA,53.53,$1.07B
ECPG,34.67,$1.08B
WIRE,49.7,$1.02B
ENDP,3.61,$829.23M
NDRA,0.9308,$13.5M
EIGI,6.025,$846.21M
WATT,3.32,$135.72M
EFOI,5.36,$17.15M
ERII,7.51,$417.98M
ENG,1.0999,$30.15M
ENLV,5.78,$77.61M
ENOB,4.12,$191.57M
ENPH,59.31,$7.43B
ESGR,173.59,$3.84B
ETTX,3.91,$106.71M
ENTG,58.88,$7.93B
ENTX,1.88,$34.28M
EBTC,21.36,$254.44M
EFSC,29.27,$765.73M
EVSI,12.39,$82.66M
EPZM,14.27,$1.44B
PLUS,73.46,$991.68M
EPSN,3.03,$72.1M
EQ,13.86,$245.1M
EQIX,724.23,$64.1B
EQBK,14.51,$220.54M
ERIC,10.89,$36.14B
ERIE,203.76,$10.65B
ERYP,7.68,$137.76M
ESCA,14.04,$197.92M
ESPR,48.2,$1.33B
GMBL,5.94,$65.19M
ESQ,14.83,$113.74M
ESSA,13.25,$146.99M
EPIX,6.25,$130.16M
ESTA,16.16,$376.99M
VBND,51.5159,$443.04M
VUSE,28.15,$427.88M
ETON,5.48,$114.63M
ETSY,102.71,$12.19B
CLWT,3.38,$10.45M
EDRY,3.631,$8.37M
EEFT,99.9,$5.22B
ESEA,2.75,$15.4M
EVLO,4.08,$188.22M
EVBG,131.56,$4.52B
EVK,1.252,$18.54M
EVER,56.94,$1.54B
MRAM,7.53,$140.55M
EVOP,22.87,$1.88B
EVFM,2.9,$228.22M
EVGN,1.06,$27.3M
EVOK,3.815,$94.24M
EOLS,3.38,$114M
EVOL,1.16,$14.15M
EXAS,97.9,$14.68B
XGN,11.03,$139.42M
ROBO,45.55,$209.53M
XELA,0.54,$79.66M
EXEL,24.6,$7.54B
EXC,39.395,$38.39B
EXFO,3.79,$211.09M
XCUR,2.41,$210.03M
EXLS,63.82,$2.19B
EXPI,16.85,$1.12B
EXPE,86.87,$12.25B
EXPD,79.63,$13.25B
EXPC,10.15,$348.91M
EXPO,80.6,$4.15B
STAY,11.28,$2B
EXTR,4.47,$537.34M
EYEG,5.07,$23.46M
EYEN,2.7,$53.4M
EYPT,0.731,$91.19M
EZPW,5.6,$308.38M
FFIV,149.43,$9.1B
FB,242.03,$690.52B
FLMN,3.05,$262.28M
DUO,8.99,$717.82M
FANH,20.97,$1.13B
FARM,6.17,$106.96M
FMAO,20.76,$231.05M
FMNB,10.88,$306.56M
FAMI,0.718,$9.45M
FARO,56.1,$994.05M
FAST,44.2,$25.35B
FAT,3.3999,$40.44M
FATE,34.4,$2.98B
FBSS,14.53,$55.14M
FNHC,10.67,$145.89M
FENC,9.34,$236.83M
GSM,0.492,$83.23M
FFBW,8.5898,$66.18M
FGEN,45.4,$4.05B
FDBC,49.69,$247.27M
FDUS,8.9,$217.49M
FRGI,6.96,$194.7M
FITB,18.76,$13.36B
FISI,16.25,$260.31M
FNJN,1.55,$43.14M
FSRV,10.18,$324.89M
FTAC,11.22,$496.91M
FEYE,13.06,$2.91B
FBNC,22.67,$658.36M
FNLC,21.71,$237.2M
FRBA,6.72,$132.17M
BUSE,17.5,$952.02M
FBIZ,15.15,$129.14M
FCAP,57.56,$194.43M
FCBP,15.52,$181.14M
FCNCA,392.63,$3.99B
FCBC,21.09,$373.31M
FCCO,14.22,$106.11M
FFBC,13.445,$1.32B
FFIN,28.36,$4.03B
THFF,34.52,$473.43M
FFNW,8.85,$88.93M
FFWM,15.47,$690.35M
FGBI,12.01,$116.99M
FHB,15.89,$2.06B
INBK,15.36,$150.56M
FIBK,29.97,$1.93B
FRME,24.925,$1.35B
FMBH,24.69,$412.38M
FMBI,12.53,$1.43B
FXNC,13.89,$67.36M
FNWB,11.89,$124M
FSFG,39.78,$94.49M
FSEA,6.2905,$38.27M
FSLR,61,$6.46B
FUNC,11.22,$78.17M
FUSB,6.18,$37.97M
MYFW,13.69,$108.39M
FCFS,63.65,$2.64B
SVVC,5.13,$35.36M
FSV,103.99,$4.52B
FISV,102.6,$68.69B
FIVE,103.51,$5.77B
FPRX,7.065,$258.83M
FVE,4.01,$126.48M
FIVN,112.06,$7.26B
FLEX,10.98,$5.47B
FLXN,13.17,$507.87M
ESG,77.9551,$40.93M
ESGG,107.5,$96.75M
LKOR,64.39,$19.32M
QLC,35.7546,$51.84M
FPAY,1.71,$36.51M
FLXS,15.57,$124.57M
FLIR,41.41,$5.42B
FLNT,2.04,$155.51M
FLDM,6.45,$456.05M
FFIC,10.5,$296.25M
FNCB,5.68,$114.59M
FOCS,37.75,$2.63B
FONR,22.06,$145.05M
FSCT,28.9,$1.42B
FRSX,1.615,$83.5M
FMTX,36.99,$1.52B
FORM,30.84,$2.35B
FORTY,78.3,$1.2B
FORR,32.8,$615.33M
FRTA,13.09,$852.33M
FTNT,129.12,$20.87B
FBIO,2.87,$236.7M
FMCI,14.38,$368.85M
FWRD,50.99,$1.43B
FORD,1.27,$12.11M
FWP,6.24,$43.01M
FOSL,4.13,$211.81M
FOX,25.26,$15.25B
FOXA,25.28,$15.26B
FOXF,83.26,$3.45B
FRAN,4.79,$13.99M
FRG,20.84,$820.29M
FELE,53.22,$2.46B
FRAF,24,$104.18M
FRHC,19.61,$1.14B
RAIL,1.58,$21.04M
FEIM,10.09,$91.9M
FREQ,21.53,$667.71M
FRPT,90.8,$3.66B
FTDR,45.65,$3.9B
FRPH,41.36,$399.12M
FSBW,35.31,$151.18M
HUGE,3.91,$39.87M
FTEK,0.9475,$23.34M
FCEL,2.91,$634.11M
FULC,17.88,$489.96M
FLGT,19.03,$412.91M
FORK,2.05,$32.4M
FLL,1.38,$37.36M
FULT,10,$1.62B
FNKO,5.9,$291.97M
FUSN,15.85,$660.38M
FUTU,27.94,$3.51B
FTFT,2.6,$100.08M
FFHL,5.68,$18.55M
FVCB,10.34,$139.11M
WILC,16,$211.47M
GTHX,19.09,$720.4M
GAIA,9.07,$170.22M
GLPG,203.54,$13.28B
GALT,2.83,$161.39M
GRTX,7.92,$196.61M
GLMD,5.12,$108.1M
GMDA,4.49,$221.46M
GLPI,34.61,$7.45B
GAN,24.88,$719.8M
GRMN,100.42,$19.18B
GARS,3.39,$54.41M
GLIBA,75.97,$8.04B
GDS,81.08,$12.96B
GNSS,4.78,$158.36M
GENC,12.33,$179.85M
GFN,6.32,$187.97M
GBIO,22.39,$999.36M
GENE,5.67,$68.17M
GTH,15.81,$1.4B
GNFT,5.36,$208.18M
GNUS,2.215,$482.09M
GMAB,35.89,$23.39B
GNMK,18.27,$1.28B
GNCA,2.12,$58.6M
GNPX,3.05,$117.82M
GNTX,25.82,$6.32B
THRM,39.51,$1.29B
GEOS,7.32,$100.03M
GABC,29.34,$777.53M
GERN,2.04,$633.15M
GEVO,0.5895,$21.46M
ROCK,50.5,$1.64B
GIGM,2.96,$32.71M
GIII,11.36,$545.88M
GILT,5.48,$304.1M
GILD,77.51,$97.23B
GBCI,34.58,$3.3B
GLAD,7.36,$229.58M
GOOD,18.58,$645.06M
GAIN,9.955,$383.48M
LAND,16.09,$343.46M
GLBZ,8.538,$24.2M
GBT,74.49,$4.54B
ENT,3.52,$13.21M
GBLI,23.61,$338.07M
SELF,3.7106,$34.72M
GWRS,10.85,$244.53M
CHIC,26.5257,$26.53M
GLBS,0.1627,$14.96M
GSMG,3.85,$215.21M
GLUU,9.1,$1.38B
GLYC,4.65,$202.66M
GOGO,3.3,$276.44M
GOCO,21.3,$6.67B
GLNG,7.175,$702.26M
GMLP,2.84,$196.82M
DNJR,1.94,$28.9M
GDEN,9.18,$257.51M
GOGL,3.9,$558.78M
GBDC,12,$2.01B
GTIM,1.26,$15.86M
GSHD,83.2,$3.11B
GPRO,4.92,$775.26M
GHIV,10.5,$551.25M
GMHI,11.1,$555M
GOSS,14.75,$1.12B
LOPE,91.89,$4.35B
GRVY,56.31,$391.29M
GECC,4.17,$41.96M
GEC,2.51,$63.87M
GLDD,8.945,$579.59M
GSBC,37.6,$529.57M
GRBK,13.07,$661.56M
GPP,7.3,$169.07M
GPRE,12.31,$436.93M
GCBC,21.95,$186.87M
GTEC,2.9815,$29.88M
GNLN,3.74,$157.4M
GLRE,7.03,$261.1M
GRNQ,1.2,$70.99M
GNRS,10.05,$220.02M
GSKY,5.07,$910.8M
GRNV,10.1898,$73.24M
GDYN,6.96,$353.72M
GSUM,0.8513,$29.47M
GRIF,50.86,$260.97M
GRFS,19.66,$13.45B
GRIN,3.05,$57.97M
GRTS,3.8,$141.61M
GO,39.33,$3.57B
GRPN,16.78,$480.51M
GRWG,7.2,$339.54M
OMAB,34.03,$1.66B
GGAL,11.23,$1.6B
GVP,0.927,$18.9M
GSIT,6.65,$156.99M
GTYH,3.82,$204.72M
GNTY,24.81,$273.25M
GFED,15.4,$67.22M
GH,82.92,$8.2B
GHSI,0.4495,$38.49M
GIFI,3.1,$47.4M
GURE,6.27,$59.67M
GPOR,1.08,$172.79M
GWPH,137.13,$4.26B
GWGH,6.98,$213.15M
GXGX,10.26,$368.72M
GYRO,16.45,$24.39M
HEES,18.82,$676.01M
HLG,50.94,$1.31B
HOFV,5.6,$178.19M
HNRG,0.643,$19.59M
HALL,3.15,$57.15M
HALO,28.61,$3.89B
HLNE,71.06,$3.73B
HJLI,0.399,$9.56M
HWC,18.76,$1.62B
HAFC,9.125,$279.38M
HAPP,2.8,$70M
HONE,8.105,$473.48M
HLIT,4.87,$470.34M
HARP,15.08,$376.97M
HROW,5.73,$146.8M
HBIO,3.36,$128.96M
HCAP,4.06,$24.19M
HAS,77.49,$10.62B
HA,13.62,$625.84M
HWKN,47.06,$501.56M
HWBK,17.8,$115.54M
HYAC,10.33,$516.5M
HAYN,22.45,$281.9M
HBT,12.25,$336.35M
HDS,35.395,$5.73B
HHR,20.2,$1.02B
HCAT,35.89,$1.36B
HCCO,10.3,$329.09M
HCSG,26.83,$2B
HQY,58.27,$4.43B
HSTM,21.95,$702.35M
HTLD,22.17,$1.8B
HTLF,30.93,$1.14B
HTBX,2.46,$208.29M
HEBT,15.78,$256.73M
HSII,20.98,$404.39M
HELE,192.06,$4.86B
HLIO,36.73,$1.18B
HSDT,0.5203,$19.79M
HMTV,9.61,$382.92M
HNNA,7.98,$57.95M
HCAC,11,$412.71M
HSIC,66.97,$9.56B
HEPA,3.7,$33.39M
HTBK,6.87,$410.4M
HFWA,19.69,$706.64M
HCCI,16.03,$372.82M
MLHR,23.05,$1.35B
HRTX,17.775,$1.61B
HSKA,95.67,$898.53M
HX,0.8415,$41.08M
HFFG,8.65,$451.06M
HIBB,23.29,$385.04M
HIHO,2.51,$9.54M
HIMX,3.86,$664.63M
HIFS,176.61,$377.4M
HQI,6.2499,$84.66M
HSTO,3.08,$36.39M
HCCH,11.49,$75.39M
HMNF,14.41,$69.66M
HMSY,33.03,$2.92B
HOLI,12.91,$781.53M
HOLX,61.88,$15.98B
HBCP,25.14,$226.47M
HOMB,16.07,$2.65B
HFBL,25,$43.34M
HMST,24.13,$564.54M
HTBI,14.25,$242.54M
FIXX,15.24,$689.05M
HOFT,22.52,$267.33M
HOOK,11.35,$291.07M
HOPE,8.55,$1.05B
HBNC,9.71,$425.03M
HRZN,11.59,$195.36M
HZNP,57.88,$11.34B
TWNK,11.88,$1.55B
HOTH,2.99,$40.13M
HMHC,2.8,$351.14M
HWCC,2.6,$43.12M
HBMD,9.96,$186.41M
HTGM,0.628,$42.13M
HTHT,35.71,$10.6B
HUBG,53.5,$1.83B
HUSN,0.645,$18.36M
HSON,8.98,$24.09M
HDSN,0.9302,$39.65M
HUIZ,9.49,$493.39M
HBAN,8.92,$9.05B
HURC,28,$185.63M
HURN,44.42,$1.01B
HCM,26.78,$1.78B
HBP,1.21,$32.54M
HVBC,13.3,$29.8M
HYMC,10.72,$538.14M
HYRE,3,$52.65M
IIIV,27.51,$755.16M
IAC,125.28,$10.67B
ICAD,10.31,$235.62M
IEP,49.75,$10.66B
ICCH,11.54,$38.12M
ICFI,64.66,$1.22B
ICHR,28.23,$643.88M
ICLK,5.55,$409.37M
ICLR,188.68,$9.91B
ICON,1.05,$12.45M
ICUI,188.08,$3.92B
IPWR,7.43,$15.8M
IDEX,1.33,$223.3M
IDYA,13.72,$371.35M
INVE,5.24,$92.61M
IDRA,2.22,$74.98M
IDXX,349.85,$29.71B
IEC,9.15,$95.88M
IESC,23.51,$495.44M
IROQ,16.15,$52.33M
IFMK,1.0299,$24.72M
IGMS,63.03,$1.93B
IHRT,8.86,$591.92M
INFO,79.07,$31.38B
IIVI,44.84,$4.62B
IKNX,3.4,$6.72M
ILMN,383.64,$56.4B
IMAB,32.99,$1.91B
IMAC,1.3,$13.01M
ISNS,3.59,$19.14M
IMRA,20.36,$351.83M
IMBI,3.4,$32.18M
IMMR,6.24,$170.36M
ICCC,6.13,$44.22M
IMUX,13.52,$201.02M
IMGN,4.64,$809.24M
IMMU,42.38,$9.79B
IMVT,24.33,$1.99B
IMRN,6.37,$28.37M
IMMP,1.29,$50.15M
PI,29.94,$678.95M
IMV,5.02,$309.75M
NARI,53.37,$2.57B
INCY,104.11,$22.63B
INDB,64.69,$2.13B
IBCP,13.31,$291.37M
IBTX,39.99,$1.72B
ILPT,20.42,$1.33B
INFN,6.39,$1.19B
INFI,0.8602,$49.4M
IFRX,5.21,$136.01M
III,2.07,$98.56M
IEA,3.8,$85.52M
IMKTA,40.24,$815.25M
INMD,34.21,$1.12B
INMB,11.15,$120.66M
IPHA,6.41,$505.62M
INWK,2.83,$149.11M
INOD,1.57,$38.4M
IOSP,79.4,$1.95B
ISSC,5.2,$88.32M
INVA,14.49,$1.47B
INGN,36.86,$812.67M
INOV,19.59,$3.04B
INO,26.97,$4.26B
INPX,1.23,$48.31M
INSG,11.305,$1.1B
NSIT,50.25,$1.76B
ISIG,0.8,$9.68M
INSM,26.48,$2.68B
INSE,3.64,$83.8M
IIIN,19.76,$380.59M
PODD,199.93,$13.09B
INSU,11.25,$232.35M
NTEC,0.346,$23.97M
IART,49.81,$4.23B
IMTE,3.64,$13.33M
INTC,60,$254.04B
NTLA,21.6,$1.27B
IDN,7.38,$133M
IPAR,44.38,$1.4B
IBKR,51.37,$21.34B
ICPT,48.82,$1.61B
IDCC,59.08,$1.82B
TILE,7.97,$466.06M
IBOC,30.885,$1.95B
IGIC,6.85,$331.86M
IMXI,13.2,$502.06M
IDXG,5.51,$22.24M
XENT,19.13,$622.86M
IVAC,5.11,$120.03M
ITCI,23.29,$1.55B
IIN,12.85,$114.39M
INTU,289.27,$75.43B
ISRG,650.74,$75.89B
IVA,11.27,$432.53M
ISTR,13.13,$143.63M
ICMB,3.42,$47.49M
ISBC,8.21,$2.05B
ITIC,122.01,$230.74M
NVIV,1.65,$8.06M
IONS,62.15,$8.66B
IOVA,30.61,$4.48B
IPGP,175.92,$9.33B
IQ,22.31,$16.37B
IRMD,24.25,$292.21M
IRTC,119.37,$3.23B
IRIX,2.125,$29.3M
IRDM,26.325,$3.48B
IRBT,84.4,$2.35B
IRWD,10.35,$1.65B
IRCP,7.97,$251.08M
ITMR,23.04,$324.94M
ITI,4.52,$184.11M
ITRM,1.1,$19.64M
ITRI,67.66,$2.72B
ITRN,15.37,$360.82M
ISEE,4.55,$402.62M
IZEA,1.1,$43.51M
JJSF,127.68,$2.41B
MAYS,22.5,$45.36M
JBHT,136.82,$14.43B
JCOM,56.34,$2.69B
JKHY,181.58,$13.91B
JACK,77.44,$1.76B
JAGX,0.6887,$22.18M
JAKK,5.92,$21.04M
JRVR,47.47,$1.45B
JAN,3.37,$6.72M
JAZZ,108.04,$5.98B
JD,62.13,$96.61B
JRSH,4.8,$54.36M
JBLU,10.82,$2.92B
JCTCF,7.3,$25.41M
JFIN,3.92,$211.78M
JBSS,88.32,$1.02B
JOUT,93.28,$940.51M
JNCE,5.43,$184.91M
YY,79.59,$6.41B
KALU,68.565,$1.08B
KXIN,0.8425,$54.49M
KALA,11.11,$619M
KLDO,6.68,$240.18M
KALV,12.28,$219.16M
KMDA,9.08,$404.28M
KNDI,4.115,$217.48M
KRTX,96.34,$2.52B
KPTI,18.94,$1.38B
KZIA,3.84,$27.71M
KBLM,10.9519,$55.57M
KBSF,2.41,$6.25M
KRNY,7.52,$674.77M
KELYA,15.535,$609.88M
KELYB,15.01,$589.27M
KFFB,6.55,$54.05M
KROS,30.07,$605.87M
KEQU,9.75,$26.82M
KTCC,7.31,$78.65M
KZR,4.86,$222.43M
KFRC,28.12,$616.45M
KE,13.85,$346.07M
KBAL,11.23,$413.66M
KIN,4.16,$163.44M
KGJI,0.5199,$5.85M
KC,35.73,$7.33B
KINS,5.13,$54.82M
KNSA,23.43,$1.37B
KNSL,162.07,$3.61B
KIRK,3.83,$53.68M
KTOV,0.769,$121.53M
KLAC,197.2,$30.58B
KLXE,1.86,$46.24M
KOD,49.11,$2.18B
KOPN,2.02,$171.52M
KRNT,53.16,$2.18B
KOSS,1.58,$11.7M
KWEB,65.38,$222.29M
KTOS,15.96,$1.96B
KRYS,41.23,$810.62M
KLIC,22.5,$1.4B
KURA,17.47,$976.6M
KRUS,12.17,$101.52M
KVHI,8.48,$152.58M
FSTR,13.33,$142.72M
LJPC,4.7,$128.3M
LSBK,11.32,$66.63M
LBAI,10.57,$533.39M
LKFN,45.26,$1.16B
LAKE,22.52,$179.63M
LRCX,346.27,$50.27B
LAMR,65.63,$6.61B
LANC,156.75,$4.31B
LCA,14.08,$556.6M
LNDC,9.2,$268.48M
LARK,20.25,$91M
LMRK,9.33,$237.71M
LE,8.65,$281.96M
LSTR,119.76,$4.6B
LTRN,13.2,$82.07M
LNTH,15.75,$1.05B
LTRX,3.67,$102.61M
LRMR,11.95,$183.51M
LSCC,30.3,$4.08B
LAUR,10.13,$2.13B
LAWS,29.45,$264.94M
LAZY,10.75,$90.13M
LCNB,14.66,$190.14M
LPTX,1.91,$107.05M
LEGH,13.465,$333.45M
LEGN,35.2,$4.55B
LACQ,10.85,$67.95M
LMAT,27.79,$560.85M
TREE,324.82,$4.24B
LEVL,16.59,$128.31M
LXRX,2.1,$224.64M
LX,10.59,$1.92B
LFAC,11,$213.47M
LGIH,111.48,$2.8B
LHCG,188,$5.94B
LLIT,0.59,$16.99M
LBRDA,130.61,$23.76B
LBRDK,132.93,$24.18B
LBTYA,22.81,$13.83B
LBTYB,23.11,$14.01B
LBTYK,22.49,$13.64B
LILA,9.86,$1.8B
LILAK,9.68,$1.77B
BATRA,19.47,$997.34M
BATRK,19.13,$979.92M
FWONA,33.52,$7.77B
FWONK,35.71,$8.27B
LSXMA,35.32,$12.12B
LSXMB,36.375,$12.49B
LSXMK,35.26,$12.1B
LTRPA,2.33,$175.03M
LTRPB,45.61,$3.43B
LSAC,10.12,$83.03M
LCUT,7.03,$151.04M
LFVN,13.46,$192.66M
LWAY,2.9155,$45.36M
LGND,122.81,$1.97B
LTBR,4.15,$13.96M
LPTH,3.21,$83.02M
LMB,3.6206,$28.43M
LLNW,7.125,$852.57M
LMST,11.41,$85.45M
LMNL,12.52,$293.22M
LMNR,13.63,$243.4M
LINC,4.41,$116.27M
LECO,89.35,$5.31B
LIND,7.94,$395.66M
LPCN,1.34,$64.16M
LIQT,6.3,$139.63M
YVR,1.62,$16.19M
LQDA,6.97,$263.09M
LQDT,4.79,$162.96M
LFUS,173.25,$4.21B
LIVK,9.96,$100.92M
LIVN,54.64,$2.65B
LOB,15.46,$626.28M
LIVE,9.65,$15.6M
LPSN,38.195,$2.53B
LIVX,4.23,$273.77M
LVGO,104.11,$10.18B
LIZI,6.92,$316.47M
LKQ,28.49,$8.66B
LMFA,1.36,$6.84M
LMPX,9.99,$99.15M
LOGC,9.05,$212.07M
LOGI,69.98,$11.74B
LOGM,85.815,$4.19B
LONE,0.3725,$9.45M
LOAC,10.68,$28.05M
LOOP,9.15,$365.41M
LORL,19.14,$592.05M
LPLA,77.51,$6.11B
LYTS,5.98,$156.63M
LULU,316.82,$41.25B
LITE,84,$6.29B
LMNX,36.28,$1.66B
LUMO,15.72,$130.36M
LUNA,5.56,$169.51M
LKCO,0.7031,$141.55M
LBC,9.59,$538.55M
LYFT,29.73,$9.12B
LYRA,11.33,$146.44M
MCBC,7.39,$252.06M
MFNC,8.61,$90.69M
MTSI,37.61,$2.51B
MGNX,27.97,$1.37B
MDGL,107.1,$1.65B
MAGS,3.03,$70.16M
MGLN,75.69,$1.89B
MGTA,8,$385.96M
MGIC,11.26,$551.48M
MGNI,6.22,$668.07M
MGYR,8.37,$48.64M
MHLD,1.25,$107.56M
MNSB,13.16,$108.7M
MJCO,7.64,$330.77M
MMYT,16.46,$1.69B
MBUU,52.07,$1.07B
MLVF,12.57,$95.96M
TUSK,1.12,$51.2M
MANH,95.07,$6.04B
LOAN,4.38,$42.18M
MNTX,4.61,$91.09M
MTEX,17.19,$41.07M
MNKD,1.715,$365.53M
MANT,65.47,$2.64B
MARA,0.8975,$19.55M
MCHX,1.74,$77.48M
MRIN,1.45,$9.96M
MARPS,1.75,$3.5M
MRNS,1.91,$233.41M
MRKR,1.83,$85.15M
MKTX,532.54,$20.19B
MRLN,7.32,$87.02M
MAR,91.48,$29.66B
MBII,1.15,$171.5M
MRTN,28.63,$1.57B
MMLP,2.02,$78.48M
MRVL,36.52,$24.3B
MASI,234.95,$12.71B
MCFT,19.72,$372.16M
MTCH,91.75,$23.76B
MTLS,27.4,$1.46B
MTRX,9.57,$250.16M
MAT,10.56,$3.66B
MATW,19.86,$621.01M
MXIM,70.04,$18.68B
MGRC,54.69,$1.32B
MDCA,2.1,$156.43M
MDJH,3.1,$36.09M
MDRR,1.8089,$8.59M
MFIN,3.22,$79.88M
MDIA,5.71,$40.52M
MNOV,5.61,$247.22M
MDGS,1.78,$11.46M
MDWD,3.67,$99.86M
MEDP,105.52,$3.73B
MEIP,3.68,$390.08M
MGTX,14.15,$528.68M
MLCO,17.11,$8.16B
MNLO,1.8,$301.72M
MTSL,1.6,$5.78M
MELI,964.72,$47.96B
MBWM,21.14,$342.6M
MERC,8.01,$527.06M
MBIN,16.72,$480.57M
MFH,2.74,$22.53M
MRCY,76.48,$4.25B
MREO,2.97,$201.2M
MCMJ,9.9101,$162.25M
EBSB,11.35,$594.76M
VIVO,24.72,$1.06B
MRBK,14.53,$88.55M
MMSI,45.5,$2.52B
MACK,3.27,$43.75M
MRSN,22.59,$1.54B
MRUS,13.68,$397.29M
MESA,3.47,$122.13M
MLAB,229.03,$1.16B
MESO,11.61,$1.36B
CASH,18.56,$642.32M
METX,11.7,$623.53M
MEOH,20.65,$1.57B
MCBS,13.16,$335.97M
MGEE,66.53,$2.41B
MGPI,38.57,$651.66M
MBOT,6.65,$47.24M
MCHP,105.67,$26.68B
MU,49.47,$54.96B
MSFT,202.88,$1538.53B
MSTR,118.34,$1.16B
MVIS,2.71,$386.32M
MICT,2.48,$27.55M
MPB,17.45,$146.82M
MTP,1.55,$12.17M
MCEP,2.93,$41.93M
MBCN,17.73,$112.93M
MSEX,66.53,$1.16B
MSBI,13.9,$322.52M
MSVB,12.25,$42.83M
MOFG,19,$305.71M
MIST,3.55,$87.42M
MLND,1.75,$33.25M
TIGO,27.47,$2.78B
MIME,41.18,$2.59B
MNDO,2.055,$40.89M
NERV,3.605,$141.38M
MGEN,1.06,$56.26M
MRTX,125.02,$5.46B
MIRM,20.17,$512.12M
MSON,13.89,$241.15M
MIND,2.58,$31.43M
MITK,9.5,$391.01M
MKSI,118.06,$6.49B
MMAC,26.49,$151.01M
MTC,1.28,$25.69M
MOBL,5.175,$597.04M
MRNA,94.85,$35.21B
MOGO,1.29,$36.6M
MWK,5.905,$104.9M
MKD,2.87,$330.66M
MTEM,12.42,$567.97M
MBRX,1.06,$64.03M
MNTA,34.11,$4.01B
MOMO,18.76,$3.92B
MKGI,2.6,$34.77M
MCRI,35.15,$639.23M
MDLZ,54.07,$77.18B
MGI,3.1,$196.66M
MDB,208.97,$12.15B
MNCL,10.35,$230.6M
MPWR,249.42,$11.16B
MNPR,7.85,$83.48M
MNRO,59.19,$1.97B
MRCC,6.51,$133.64M
MNST,74.22,$39.08B
MORN,157.87,$6.76B
MORF,25.37,$777.52M
MOR,34.79,$4.55B
MOSY,1.9,$6.71M
MPAA,16.8,$318.74M
MOTS,1.19,$34.34M
MOXC,1.12,$18.13M
COOP,13.225,$1.22B
MTBC,11.41,$141.49M
MTSC,18.1,$348.17M
GRIL,2.39,$19.09M
MBIO,3.48,$149.58M
MVBF,13.01,$155.47M
MYSZ,1.53,$10.93M
MYL,16.81,$8.69B
MYOK,91.56,$4.27B
MYOS,1.28,$15.16M
MYRG,33.09,$552.13M
MYGN,12,$894.66M
NBRV,0.9118,$130.36M
NAKD,0.5562,$3.99M
NNDM,2.15,$99.76M
NSTG,37.47,$1.41B
NAOV,1.8,$7.76M
NH,4.97,$549.78M
NK,13.83,$1.48B
NSSC,24.15,$443.06M
NDAQ,128.44,$21.07B
NTRA,48.1,$3.79B
NATH,52,$213.96M
NKSH,26.06,$169.12M
FIZZ,67.37,$3.14B
NCMI,3.04,$242.44M
NESR,6.26,$547.72M
NGHC,33.8,$3.83B
NHLD,1.97,$26.55M
NATI,37.6,$4.91B
NRC,59.85,$1.51B
NSEC,15.2,$38.45M
EYE,30.13,$2.42B
NWLI,201.4,$732.29M
NAII,7.17,$48.67M
NHTC,5.53,$63.17M
NATR,10,$194.73M
NTUS,22.21,$750.74M
NAVI,7.17,$1.39B
NMCI,0.77,$26.64M
NBTB,29.38,$1.28B
NCNO,74,$6.63B
NCSM,0.5904,$27.85M
NKTR,24.37,$4.34B
NMRD,9.6,$201.24M
NEOG,78.02,$4.13B
NEO,36.41,$4B
NLTX,11.36,$437.19M
NEON,10.78,$98.87M
NEOS,0.7098,$35.31M
NVCN,2.43,$39.34M
NEPH,7.49,$67.63M
NEPT,2.95,$293.05M
UEPS,3.15,$179.92M
NETE,16.13,$67.68M
NTAP,44.81,$9.94B
NTES,457.27,$62.69B
NFIN,10.92,$352.78M
NFLX,492.99,$216.82B
NTGR,28.22,$830.2M
NTCT,27.07,$1.96B
NTWK,2.805,$33.77M
NBSE,7.88,$182.19M
NRBO,8.67,$142.42M
NBIX,130.52,$12.12B
NURO,2.08,$7.22M
STIM,3.23,$60.49M
NTRP,1.17,$27.7M
NBEV,1.66,$153.7M
NFE,19.03,$3.21B
NPA,10.13,$291.24M
NYMT,2.51,$947.44M
NEWA,3.83,$41.4M
NBAC,9.98,$74.45M
NWL,16.36,$6.94B
NWGI,2.195,$27.07M
NMRK,4.16,$741.42M
NWS,12.8,$7.53B
NWSA,12.82,$7.54B
NEWT,17.13,$358.05M
NXST,84.59,$3.83B
NXTC,9.24,$254.26M
NEXT,1.77,$213.5M
NXGN,11.44,$763.19M
NGM,19.18,$1.31B
NODK,15.65,$340.85M
EGOV,21.72,$1.45B
NICE,200.26,$12.5B
NICK,8.2,$63.96M
NCBS,52.4,$545.64M
NKLA,48.84,$17.63B
NKLAW,24.62,$729.74M
NIU,20.01,$1.5B
NKTX,37.02,$1.2B
LASR,22.49,$865.61M
NMIH,14.36,$1.22B
NNBR,5.13,$219.34M
NBL,9.655,$4.63B
NBLX,7.87,$711.23M
NDLS,5.91,$261.45M
NDSN,190.51,$10.99B
NSYS,4.39,$11.67M
NBN,14.46,$121.44M
NTIC,8.65,$78.71M
NTRS,77.71,$16.17B
NFBK,10.28,$506.72M
NRIM,23.01,$146.48M
NWBI,9.83,$1.25B
NWPX,25.61,$250.67M
NLOK,20.31,$11.96B
NCLH,15.27,$3.91B
NWFL,28.78,$235.84M
NVFY,2.05,$11.35M
NVMI,48.71,$1.37B
NOVN,0.6151,$49.69M
NOVT,103.91,$3.65B
NVAX,140.49,$8.25B
NVCR,63.14,$6.34B
NVUS,0.4922,$7.91M
NUAN,25.54,$7.18B
NCNA,5.32,$172.79M
NTNX,22.06,$4.4B
NUVA,60.75,$3.11B
QQQX,24.6,$973.4M
NUZE,16.61,$239.67M
NVEE,54.63,$712.04M
NVEC,62,$299.77M
NVDA,408.06,$250.96B
NXPI,122.71,$34.24B
NXTD,0.4344,$14.89M
NYMX,3.46,$248.14M
OIIM,2.16,$57.93M
OVLY,12.11,$99.5M
OCSL,4.45,$627.27M
OCSI,6.2,$182.69M
OMP,8.35,$282.32M
OAS,0.6836,$221.51M
OBLN,0.7337,$5.67M
OBSV,2.9,$129.32M
OBCI,14.38,$136.01M
OPTT,0.6841,$11.71M
OCFC,16.445,$996.2M
OFED,26.2501,$148.98M
OCGN,0.207,$22.82M
OCUL,8.845,$555.23M
ODT,39.24,$1.26B
OMEX,4.16,$39.7M
OPI,25.5,$1.23B
OFS,4.16,$55.71M
OCCI,8.96,$29.07M
OVBC,19.87,$95.13M
OKTA,207.38,$25.84B
ODFL,186.43,$21.99B
ONB,13.19,$2.18B
OPOF,15.053,$78.57M
OSBC,7.72,$229.16M
OLLI,96.15,$6.32B
ZEUS,10.29,$113.05M
OFLX,114.7,$1.16B
OMER,14.45,$787.68M
OMCL,67.18,$2.86B
ON,21.19,$8.69B
ONCY,2,$80.98M
ONTX,0.8126,$141.54M
ONCS,3.36,$77.39M
ONCT,2.41,$41.78M
OSS,2.57,$42.37M
OSPN,27.43,$1.11B
OSW,5.5,$467.32M
ONEW,22.94,$333.78M
OTRK,29.64,$504.48M
OPBK,6.2,$93.42M
LPRO,17.3,$1.59B
OTEX,43.09,$11.67B
OPRA,9.92,$1.18B
OPES,11.7,$92M
OPGN,2.16,$33.4M
OPNT,9.51,$40.49M
OPK,4.6,$3.08B
OPRT,13.35,$362.74M
OBAS,12,$62.6M
OCC,2.37,$17.87M
OPRX,15.07,$220.73M
OPHC,2.2901,$6.76M
OPTN,5.41,$248.35M
OPCH,14.53,$2.57B
ORMP,3.98,$93.64M
OSUR,16.15,$1.15B
ORBC,3.82,$300.34M
OEG,0.6242,$18.99M
ORTX,5.48,$533.01M
ORLY,431.74,$32.05B
OGI,1.56,$302.89M
ORGO,3.99,$423.37M
ONVO,0.6843,$89.34M
ORGS,5.94,$130.66M
ORIC,25.18,$752.96M
SEED,12.1,$60.64M
OBNK,20.4,$478.91M
OESX,3.8,$115.59M
ORSN,10.175,$58.84M
ORRF,13.11,$146.79M
OFIX,31.91,$612.75M
KIDS,44.01,$857M
OSIS,68.56,$1.23B
OSMT,6.32,$371.37M
OSN,3.01,$19.86M
OTEL,12.022,$41.14M
OTIC,4.12,$198.35M
OTTR,39.18,$1.58B
OTLK,1.58,$193.3M
OSTK,48.93,$1.98B
OVID,7.27,$398.06M
OXBR,1.09,$6.25M
OXFD,13.95,$361.95M
OXLC,4.1,$314.03M
OXSQ,2.81,$139.35M
OYST,25.12,$645.39M
PFIN,5.055,$15.9M
PTSI,32.75,$188.06M
PCAR,79.43,$27.46B
PACB,4.195,$646.32M
PEIX,0.7976,$44.26M
PMBC,3.66,$86.38M
PPBI,20.03,$1.89B
PCRX,55.59,$2.34B
PACW,18.56,$2.19B
PAE,8.5,$782.35M
PLMR,81.2,$1.97B
PAAS,34.39,$7.22B
PAND,18.1,$479.56M
PANL,2.12,$95.54M
PZZA,91.73,$2.98B
PRTK,4.86,$209.62M
TEUM,0.7769,$107.85M
PCYG,4.22,$82.12M
PKBK,11.92,$141.24M
PKOH,16.27,$202.71M
PTNR,4.2,$771.21M
PASG,20.92,$948.74M
PBHC,9.5075,$45.2M
PATK,63.55,$1.49B
PNBK,5.99,$23.57M
PATI,8.25,$27.86M
PDCO,25.78,$2.47B
PTEN,3.32,$619.19M
PAVM,2.05,$97.3M
PAYX,73.49,$26.37B
PCTY,137.34,$7.37B
PYPL,173.92,$204.18B
PAYS,9.2,$452.31M
CNXN,41.26,$1.08B
PCB,9.4,$144.54M
PCSB,11.6,$196.02M
PCTI,6.08,$112.97M
PDCE,13.92,$1.39B
PDFS,19.14,$627.7M
PDLI,3.01,$342.97M
PDLB,9.42,$162.96M
PDSB,3.01,$46.24M
PGC,17.4,$328.03M
PEGA,100.51,$8.05B
PTON,58.53,$16.58B
PENN,33.7,$4.58B
PVAC,9.62,$145.82M
PFLT,8.28,$321.03M
PNNT,3.06,$205.16M
PWOD,21.35,$150.34M
PEBO,20.12,$403.09M
PEBK,16.73,$96.82M
PFIS,37.3,$273.9M
PBCT,11.35,$4.82B
PEP,134.66,$186.45B
PRCP,4.82,$46.85M
PRDO,16.78,$1.16B
PRFT,35.84,$1.19B
PSHG,0.62,$31.32M
PFMT,0.6044,$32.9M
PERI,5.64,$150.74M
PESI,6.26,$75.97M
PPIH,5.85,$47.08M
PSNL,17.05,$540.66M
PETQ,36.63,$1.04B
PETS,40.53,$817.34M
PFSW,6.29,$122.44M
PGTI,16.64,$980.52M
PHAS,5.49,$158.01M
PHAT,29.68,$859.67M
PAHC,25.43,$1.03B
PHIO,2.4,$10.99M
PLAB,11.16,$732.35M
PHUN,1.68,$68.8M
PICO,8.71,$168.13M
PLL,6.8,$70.23M
PIRS,3.23,$169M
PPC,16.45,$4.06B
PDD,82.47,$98.77B
PME,0.995,$78.66M
PNFP,39.29,$2.98B
PT,1.4,$60.39M
PBFS,8.86,$230.16M
PPSI,1.35,$11.78M
PXLW,3.31,$129.99M
PLYA,3.67,$493.56M
PLXS,73.14,$2.13B
PLRX,24.64,$842.72M
PLUG,8.995,$2.99B
PLBC,22.13,$114.6M
PS,18.84,$2.69B
PSTI,8.8,$219.18M
PSTV,2.14,$8.8M
PLXP,2.89,$26.46M
PCOM,9.58,$126.69M
POLA,3.49,$39.7M
PTE,1.45,$55.77M
PYPD,15.68,$267.29M
POOL,294.39,$11.76B
BPOP,36.21,$3.04B
PTMN,1.095,$48.72M
PSTX,16.1,$995.24M
PPHI,11.43,$41.33M
PBPB,2.24,$53.34M
PCH,41.59,$2.78B
POWL,27.9,$324.03M
POWI,121.9,$3.64B
PBTS,2.67,$24.5M
PWFL,4.41,$131.86M
PPD,30.12,$10.5B
PRAA,39.05,$1.78B
PRAH,101.98,$6.5B
PGEN,4.58,$788.63M
PRPO,1.41,$20.61M
DTIL,8.225,$426.56M
POAI,1.56,$20.59M
PFBC,40.4,$602.61M
PLPC,50.47,$251.33M
PFBI,11.21,$164.36M
PFC,16.42,$612.23M
PINC,34.8,$2.49B
PBIO,1.69,$1.86M
PRVL,15.53,$531.15M
PRGX,4.41,$104.04M
PSMT,64.88,$1.99B
PNRG,75.99,$151.54M
PRMW,13.71,$2.19B
PRIM,16.84,$812.71M
PFG,44.51,$12.19B
PRNB,84.97,$2.81B
PRTH,2.19,$146.98M
PDEX,19.34,$73.71M
IPDN,1.88,$21.13M
PFHD,11.85,$167.62M
PFIE,0.7279,$34.71M
PROF,15.88,$255.39M
PROG,10.71,$483.7M
PRGS,35.775,$1.61B
PGNY,26.36,$2.25B
PFPT,114.71,$6.57B
PRPH,1.51,$17.5M
PTAC,10.84,$233.74M
PRQR,4.85,$242.34M
PSEC,4.91,$1.82B
PTGX,16.53,$589.58M
TARA,26.56,$155.2M
PTVCA,16.685,$236.64M
PTVCB,14.75,$209.2M
PTI,1.5,$78.22M
PRTA,13.09,$522.44M
PRVB,12.2,$683.94M
PVBC,7.83,$152.5M
PROV,12.23,$90.95M
PBIP,10.88,$89.24M
PMD,5.17,$28.57M
PTC,80.75,$9.34B
PTCT,55.7,$3.65B
PHCF,4.53,$52.13M
PULM,1.39,$35.6M
PLSE,11.41,$286.95M
PBYI,10.26,$403.88M
PACQ,10.66,$490M
PCYO,9.15,$218.26M
PRPL,19.03,$1.03B
PUYI,6.39,$385.41M
PXS,0.764,$16.37M
QK,8.9536,$428.58M
QADA,40.95,$836.84M
QADB,28.11,$574.45M
QCRH,28.26,$445.76M
QGEN,48.13,$10.98B
QIWI,18.38,$1.15B
QRVO,113.98,$13.04B
QCOM,92.23,$103.75B
QLGN,4.38,$73.71M
QLYS,108.49,$4.23B
QTRX,31.35,$887.55M
QMCO,4.29,$171.19M
QRHC,1.5,$23.1M
QH,10.51,$545.54M
QUIK,3.51,$38.26M
QDEL,267,$11.21B
QNST,11.11,$577.19M
QUMU,5.04,$68.19M
QTNT,8.29,$668.05M
QRTEA,9.56,$3.98B
QRTEB,10.06,$4.19B
QTT,2.79,$744.44M
RRD,1.19,$84.85M
RCM,13.365,$1.54B
RADA,5.94,$257.73M
RDCM,8.94,$124.66M
RDUS,12.55,$582.18M
RDNT,16.52,$832.6M
RDWR,26.65,$1.23B
METC,2.28,$97.39M
RMBS,14.595,$1.65B
RAND,10.71,$27.73M
RNDB,10.38,$56.93M
RPD,54.23,$2.74B
RAPT,27.29,$665.16M
RTLR,7.87,$1.19B
RAVE,0.6425,$9.93M
RAVN,22.165,$794.28M
RBB,13.07,$257.99M
ROLL,130.33,$3.26B
RICK,11.25,$102.66M
RCMT,1.44,$16.27M
RDI,4.87,$105.91M
RDIB,17.5,$380.59M
RNWK,1.51,$57.74M
RP,66.56,$6.79B
RETA,160.97,$5.41B
RCON,1.16,$8.36M
REPH,4.705,$110.88M
RRBI,41.3,$302.42M
RRGB,8.14,$105.12M
RRR,11.03,$1.29B
RDVT,15.58,$180.7M
RDFN,38.78,$3.82B
RDHL,6.92,$244.07M
REED,0.87,$54.75M
REG,41.7,$7.07B
REGN,644.06,$66.08B
RGNX,39.21,$1.46B
RGLS,0.873,$24.1M
REKR,3.85,$88.05M
RLAY,43.98,$3.59B
RBNC,14.33,$238.14M
RELV,3.55,$6.2M
RLMD,42.33,$643.34M
MARK,1.44,$143.15M
RNLX,13.5,$401.06M
RNST,22.9,$1.29B
REGI,25.55,$997.69M
RCII,27.3,$1.47B
RPTX,22.9,$839.7M
RPAY,25.29,$1.32B
RGEN,134.31,$7.03B
REPL,22.69,$913.55M
KRMD,10.09,$442.98M
RBCAA,31.95,$667.64M
FRBK,2.14,$125.94M
REFR,3.31,$103.97M
RSSS,2.35,$61.18M
RESN,2.34,$123.43M
RGP,11.59,$372.55M
TORC,2.99,$108.98M
ROIC,10.3,$1.2B
RETO,1.05,$23.9M
RTRX,20.69,$892.89M
RVNC,24.8,$1.42B
RVMD,25.41,$1.67B
RWLK,1.36,$26.03M
REXN,2.76,$11.09M
REYN,33.76,$7.08B
RFIL,4.73,$46.16M
RGCO,22.96,$186.85M
RBKB,6.5359,$72.77M
RYTM,22.53,$993.39M
RBBN,3.94,$570.4M
RIBT,0.7457,$29.9M
RELL,4.18,$54.9M
RMBI,11.42,$154.47M
RIGL,3.24,$546.17M
RNET,1.82,$37.23M
RMNI,5.28,$360.02M
RIOT,2.23,$77.03M
REDU,3.39,$191.12M
RVSB,4.8,$106.82M
RIVE,6.605,$61.03M
RCKT,23.99,$1.32B
RMTI,2.08,$143.66M
RCKY,19.49,$142.52M
RMCF,4.29,$26.02M
ROKU,148.36,$17.9B
ROSE,0.4273,$19.08M
ROST,85.79,$30.53B
RGLD,129.94,$8.52B
RPRX,44.19,$26.82B
RTIX,3.6,$268.56M
RBCN,8,$19.81M
RUBY,6.06,$487.69M
RUHN,3.5,$294.67M
RMBL,25.66,$57.21M
RUSHA,44.61,$1.6B
RUSHB,36.5,$1.31B
RUTH,6.98,$192.86M
RYAAY,71,$15.48B
STBA,22.64,$888.45M
SANW,2.6,$86.88M
SBRA,14.19,$2.92B
SABR,7.75,$2.14B
SFET,1.79,$19.42M
SAFT,78.36,$1.2B
SGA,23.85,$143.01M
SAGE,43.64,$2.27B
SAIA,129.91,$3.39B
SLRX,1.44,$19.66M
SALM,1.9,$50.7M
SAL,36.65,$103.66M
SAFM,120.71,$2.68B
SASR,23.45,$1.1B
SGMO,11.19,$1.58B
SANM,26.14,$1.78B
SNY,53.26,$133.53B
SPNS,28.16,$1.41B
SRPT,167.51,$13.06B
STSA,27.53,$478.73M
SVRA,2.09,$109.07M
SBFG,14.53,$111.86M
SBBX,18.91,$178.37M
SBAC,297.64,$33.22B
SCSC,24.83,$629.34M
SMIT,4.16,$15.72M
SCHN,17.49,$473.97M
SRRK,13.85,$413.75M
SCHL,29.71,$1.02B
SDGR,84.63,$5.36B
SAMA,10.39,$168.84M
SJ,6.3757,$148.24M
SGMS,15.81,$1.49B
SCPL,14.93,$339.21M
SCPH,7.62,$204.15M
WORX,5.755,$54.01M
SCYX,6.36,$628.44M
SEAC,1.55,$58.17M
SBCF,18.775,$989.61M
STX,48.27,$12.39B
SHIP,1.64,$49.21M
SPNE,10.16,$276.8M
SGEN,182.37,$31.57B
EYES,0.965,$22.31M
SECO,3.1,$219.02M
SCWX,12.34,$1.01B
SNFCA,5.72,$109.24M
SEEL,1.15,$51.69M
SEIC,57.15,$8.45B
SLCT,7.88,$142.28M
SIC,4.22,$106.86M
SELB,2.7,$236.22M
SIGI,56.31,$3.36B
SLS,3.13,$21.03M
LEDS,3.23,$12.94M
SMTC,52.99,$3.45B
SNCA,0.7703,$13.32M
SENEA,39.72,$362.16M
SENEB,36.7,$334.63M
SNES,2.49,$8.45M
AIHS,0.87,$25.09M
SRTS,2.98,$49.21M
SQBG,0.2019,$13.31M
MCRB,4.54,$329.6M
SVC,6.73,$1.11B
SREV,1.62,$154.12M
SFBS,34.82,$1.87B
SESN,0.7452,$82.28M
SVBI,6.0995,$78.15M
SGBX,2.84,$24.41M
SGOC,1.03,$98.98M
SMED,6.25,$102.22M
SHSP,8.92,$102.87M
SHEN,50.02,$2.49B
PIXY,4.7,$74.82M
SHLO,1.81,$43.82M
TYHT,0.488,$13.34M
SWAV,44.42,$1.5B
SCVL,28.65,$403.62M
SHBI,9.44,$118.22M
SSTI,23.55,$268.45M
SIBN,16.86,$479.28M
SIEB,4.29,$131.5M
SIEN,4.24,$212.14M
BSRR,17.59,$267.19M
SRRA,13.2,$137.22M
SWIR,8.84,$321.23M
SIFY,1.04,$186.31M
SIGA,6.96,$564.09M
SGLB,2.66,$10.44M
SGMA,3.3,$14M
SBNY,104.31,$5.59B
SLGN,34.81,$3.86B
SILC,38.81,$278.49M
SLAB,103.39,$4.52B
SIMO,43.61,$1.53B
SILK,46.1,$1.54B
SSPK,10.15,$317.19M
SAMG,11.98,$172.04M
SSNT,2.31,$10.4M
SFNC,16.27,$1.77B
SLP,61.84,$1.1B
SINA,40.305,$2.4B
SBGI,19.65,$1.57B
SINO,2.08,$7.73M
SVA,6.47,$639.9M
SINT,2.2,$37.35M
SG,6.42,$740.22M
SIRI,5.89,$25.79B
SITM,53.31,$884.18M
SKYS,5.65,$118.52M
SKYW,30.26,$1.52B
SWKS,133.95,$22.35B
SNBR,49.04,$1.36B
SLM,6.87,$2.58B
SGH,28.51,$688.78M
SND,1.12,$47.13M
SMBK,14.24,$216.69M
SDC,8.47,$3.26B
SWBI,21.5,$1.19B
SMSI,4.15,$171.9M
SMTX,3,$84.64M
SCKT,1.42,$8.53M
SAQN,10.15,$189.68M
SOHU,10.67,$419M
SLRC,16.01,$676.6M
SUNS,12.78,$205.11M
SEDG,171.58,$8.52B
SLNO,1.89,$150.37M
SLGL,7.24,$166.32M
SLDB,3.01,$138.67M
SNGX,2.21,$58.73M
SOLY,8.27,$175.24M
SONM,0.8578,$56.55M
SONN,3.33,$30.64M
SNOA,7,$13.78M
SONO,16.15,$1.76B
SRNE,6.97,$1.46B
SOHO,2.5,$37.06M
SFBC,25.5,$66.16M
SMMC,10.31,$322.19M
SMMCU,10.717,$334.91M
SPFI,13.1,$236.58M
SSB,46.91,$3.32B
SFST,25,$192.94M
SMBC,22.25,$203.1M
SONA,8.8,$213.82M
SBSI,26.36,$870.18M
SY,12.31,$1.31B
SP,18.48,$424.99M
SGRP,0.7911,$16.61M
SPKE,7.27,$256.7M
SPTN,20.82,$742.88M
SPPI,3.34,$389M
SPRO,13.345,$274.84M
ANY,3.44,$19.01M
SPI,1.2,$17.8M
SAVE,17.61,$1.56B
STXB,10.83,$190.75M
SPLK,199.97,$31.77B
SPOK,10.06,$191.38M
SPWH,15.99,$694.85M
SBPH,1.63,$27.86M
SWTX,38.35,$1.65B
FUND,6.062,$174.86M
SPT,28.52,$1.44B
SFM,25.64,$3.02B
SPSC,72.78,$2.54B
SRAX,2.45,$34.38M
SSNC,56.82,$14.58B
SSRM,21.76,$2.68B
STAA,56.69,$2.58B
SRAC,9.98,$220.63M
STAF,0.751,$7M
STMP,218.59,$3.73B
STND,20.21,$94.17M
SBLK,6.42,$616.75M
SBUX,74.16,$86.64B
STFC,17.52,$766.87M
MITO,1.81,$89.26M
GASS,2.48,$97.28M
STCN,0.5584,$34.84M
STLD,26.81,$5.64B
SMRT,0.352,$17.08M
SRCL,58.68,$5.36B
SBT,3.45,$173.2M
STRL,9.87,$276.13M
SHOO,22.36,$1.86B
SFIX,26.47,$2.72B
SYBT,38.69,$876.88M
STOK,27.14,$901.52M
BANX,16.76,$109.97M
STNE,40.54,$11.23B
SNEX,57.51,$1.11B
SSKN,1.18,$39.78M
SSYS,15.67,$858.7M
STRA,164.46,$3.65B
STRT,23.16,$88.44M
STRS,17.86,$146.63M
STRM,1.2901,$40.31M
SBBP,3.77,$204.51M
SUMR,10.125,$21.38M
SMMF,15.7,$203.66M
SSBI,9.15,$55.54M
SMMT,3.66,$246.07M
WISA,2.55,$19.67M
SNDE,2.48,$17.05M
SNDL,0.8489,$91.13M
SNSS,0.291,$32.42M
STKL,4.72,$506.52M
SPWR,9.61,$1.63B
RUN,36.81,$4.5B
SUNW,0.895,$14.88M
SLGG,2.43,$25.34M
SMCI,28.4,$1.47B
SPCB,1.43,$23.29M
SCON,0.42,$11.46M
SGC,14.17,$217.01M
SUPN,24.2,$1.27B
SPRT,1.4955,$28.5M
SURF,5.47,$214.68M
SGRY,14.61,$738.07M
SRDX,45.34,$617.01M
SSSS,13.48,$219.45M
STRO,9.09,$326.13M
SIVB,217.57,$11.21B
SVMK,22.74,$3.14B
SWKH,12.84,$165.78M
SYKE,27.29,$1.11B
SYNC,1.18,$46.55M
SYNL,7.21,$65.31M
SYNA,70.32,$2.39B
SNCR,3.56,$158.57M
SNDX,13.655,$492.88M
SYNH,62,$6.46B
SYBX,2.19,$71.92M
SNPS,196.28,$29.6B
SYPR,0.735,$15.66M
SYRS,11.99,$547.86M
TROW,133.77,$30.44B
TTOO,1.705,$203.81M
TRHC,58.04,$1.34B
TCMD,38.29,$736.43M
TAIT,2.47,$14.32M
TLC,6.09,$256.36M
TTWO,150.58,$17.16B
TLND,35.64,$1.12B
TNDM,103.16,$6.2B
TLF,3.22,$29.09M
TANH,1.65,$47.67M
TAOP,0.4053,$17.81M
TEDU,1.7,$92.13M
TH,1.72,$176.14M
TATT,3.83,$33.99M
TAYD,10.1647,$35.37M
TCF,27.7,$4.21B
CGBD,8.15,$458.92M
TCRR,15.33,$369.08M
AMTD,36.13,$19.54B
GLG,2.39,$164.14M
PETZ,1.6,$73.36M
TCCO,4.09,$7.57M
TTGT,33.62,$925.52M
TGLS,5.14,$237.04M
TELA,14.17,$204.16M
TNAV,5.53,$261.5M
TLGT,2.42,$13.04M
TELL,1.02,$273.14M
TENB,29.89,$2.99B
TENX,1.21,$12.22M
TZAC,10.765,$55.27M
TER,86.42,$14.33B
TERP,21.71,$4.92B
TBNK,22.02,$209.07M
TSLA,1500.84,$278.37B
TESS,5.51,$47.62M
TTEK,81.76,$4.42B
TTPH,2.55,$18.62M
TCBI,27.16,$1.37B
TXN,133.89,$122.88B
TXRH,52.15,$3.61B
TFFP,6.8,$126.97M
TFSL,13.745,$3.85B
TGTX,23,$2.64B
WTER,2.3,$137.11M
ANDE,14.11,$464.22M
TBBK,8.825,$507.93M
BPRN,18.55,$125.6M
CG,29.05,$10.13B
CAKE,22.58,$1.03B
CHEF,12.795,$470.87M
TCFC,22.5,$133.02M
DSGX,52,$4.38B
DXYN,0.8801,$13.92M
ENSG,45.33,$2.43B
XONE,8.29,$137M
FBMS,20.35,$435.46M
FLIC,14.76,$351.96M
GT,9.64,$2.25B
HCKT,13.76,$412.47M
HAIN,31.95,$3.26B
CUBA,3.72,$22.82M
INTG,26,$59.52M
JYNT,15.01,$209.28M
KHC,35.01,$42.78B
LOVE,26.41,$383.5M
MEET,6.24,$448.05M
MIK,6.645,$979.07M
MIDD,82.67,$4.59B
ODP,23.52,$1.24B
STKS,1.46,$42.09M
PECK,4.65,$24.64M
PNTG,20.09,$560.68M
PRSC,81,$1.12B
REAL,13.59,$1.18B
RMR,29.75,$931.61M
SHYF,16.645,$585.29M
SMPL,22.44,$2.14B
TTD,433.03,$19.94B
YORW,49.93,$650.36M
NCTY,0.76,$47.32M
TXAC,13.5,$205.01M
TXMD,1.815,$493.11M
THTX,2.22,$170.97M
TBPH,22.19,$1.4B
THMO,5,$31.83M
TCRD,3.45,$121.78M
THBR,10.5,$452.81M
TLRY,7.33,$915.24M
TSBK,16.18,$134.44M
TIPT,5.65,$193.91M
TITN,11.3,$252.15M
TMDI,0.8231,$60.77M
TTNP,0.2918,$27.91M
TVTY,12.9,$625.47M
TLSA,11.34,$377.42M
TMUS,105.35,$130.51B
TNXP,0.81,$44.17M
TOPS,0.1106,$92.59M
TRCH,0.335,$31.56M
TRMD,7.24,$538.18M
TOTA,10.97,$40.7M
TBLT,0.74,$26.44M
TSEM,21.42,$2.29B
CLUB,0.4701,$13.97M
TOWN,18.03,$1.31B
TPIC,27.6,$973.26M
TCON,1.92,$10.56M
TSCO,140.77,$16.28B
TW,54.24,$12.25B
TWMC,5.9334,$10.83M
TACT,4.49,$33.85M
TRNS,26.06,$192.55M
TGA,0.5823,$42.24M
TBIO,19.61,$1.23B
TMDX,17.44,$472.82M
TA,13.5,$113.15M
TZOO,5.8,$65.6M
TIG,16.7,$854.09M
TRMT,2.65,$21.83M
TRVN,1.84,$197.21M
TRVI,5.28,$94.21M
TPCO,10.05,$367.49M
TCDA,16.5,$824.21M
TCBK,29.01,$862.46M
TDAC,10.9475,$144.78M
TRIL,8.12,$677.5M
TRS,24.26,$1.05B
TRMB,43.95,$10.98B
TRIB,2.99,$71.88M
TCOM,27.08,$16.06B
TRIP,19.71,$2.64B
TSC,14.46,$431.51M
TSCAP,21.97,$644.29M
TBK,24,$593.47M
TRVG,1.78,$628.36M
TRUE,2.92,$313.23M
TRUP,49.45,$1.74B
TRST,6.125,$590.65M
TRMK,22.87,$1.45B
MEDS,5.87,$47.33M
TSRI,4.05,$7.95M
TTEC,46.96,$2.19B
TTMI,11.62,$1.23B
TC,1.625,$123.2M
TCX,61.1,$645.68M
TOUR,1.23,$151.74M
TPTX,64.26,$2.66B
HEAR,17.12,$249.49M
THCB,10.19,$361.61M
THCA,10.07,$221.41M
TWIN,5.91,$79.23M
TWST,54.5,$2.42B
TYME,1.26,$159.53M
USCR,26.48,$441.48M
PRTS,12.48,$518.07M
USEG,4.69,$6.56M
GROW,2.5728,$38.68M
USAU,7.76,$22.66M
USWS,0.4228,$31.02M
UCL,13.93,$392.2M
UFPI,50.93,$3.11B
UFPT,47.7,$356.93M
ULTA,203,$11.43B
UCTT,23.62,$942.44M
RARE,85.88,$5.13B
ULBI,6.54,$103.9M
UMBF,47.62,$2.29B
UMPQ,10.455,$2.3B
UNAM,5,$26.53M
LATN,9.98,$249.5M
UNB,18.68,$83.56M
QURE,43.95,$1.95B
UAL,33.92,$9.85B
UBCP,11.395,$65.28M
UBOH,18.2,$59.52M
UBSI,26.95,$3.5B
UCBI,18.21,$1.57B
UFCS,28.06,$701.95M
UIHC,7.79,$334.84M
UNFI,19.34,$1.06B
UBFO,7.08,$120.2M
USLM,86.7,$487.88M
UTHR,117.2,$5.16B
UG,14.5399,$66.8M
UNIT,9.125,$1.77B
UNTY,13.32,$144.97M
UBX,8.86,$435.41M
OLED,154.88,$7.3B
UEIC,49.46,$688.14M
ULH,18.15,$488.58M
USAP,8.15,$71.75M
UVSP,14.9,$434.89M
UMRX,3.18,$119.03M
TIGR,5.32,$751.51M
UPLD,33.9,$857.85M
UPWK,13.94,$1.61B
UONE,14.3,$639.23M
UONEK,1.67,$74.65M
URBN,16.39,$1.6B
MYT,0.5661,$25.58M
URGN,25.24,$553.64M
UROV,8.76,$269.8M
ECOL,33.04,$1.04B
USAK,8.84,$76.8M
USIO,2.1601,$44.14M
UTMD,88,$320.54M
UTSI,1.7098,$61.43M
UXIN,1.58,$467.48M
VCNX,7.94,$135.96M
VLY,7.26,$2.93B
VALU,24.65,$237.05M
VNDA,11.18,$609.87M
VREX,16.7,$652.97M
VRNS,105.58,$3.32B
VBLT,1.28,$61.31M
VXRT,15.75,$1.72B
PCVX,29,$1.47B
VBIV,6.17,$1.42B
VECO,13.64,$674.2M
VERO,3.13,$122.15M
VEON,1.82,$3.18